"Marca temporal","1.Género","2.Edad  ","3.¿De qué tipo de colegio egresaste como bachiller?  ","4.¿A qué facultad perteneces?  ","5.¿Qué carrera estudias?  ","6.¿En qué semestre te encuentras actualmente?  ","7.¿Cuántas materias cursas actualmente este semestre?  ","8.¿Cuál es tu Promedio Ponderado Acumulado (PPA) del último semestre cursado?  ","9.¿Cuántas horas a la semana estudias fuera de tu horario de clases?  ","10.¿Cuál es tu estatura aproximada? (metros)  ","11.¿Trabajas actualmente?  ","12.¿Cuál es la distancia aproximada desde tu vivienda hasta la UAGRM?  "," 13.Tiempo promedio de traslado desde su vivienda a la UAGRM  "
"2026/06/22 11:11:07 p.m. GMT-4","Femenino","24","Colegio privado","Facultad de Ciencias Contables, Auditoría, Sistemas de Control de Gestión y Finanzas","Ciencias Contables ","8vo semestre","5 a 6 materias","81","2","1.60","Sí, trabajo medio tiempo","Entre 5 y 10 km","10 "
"2026/06/23 1:31:32 a.m. GMT-4","Femenino","21","Colegio fiscal/público","Facultad de Ciencias Contables, Auditoría, Sistemas de Control de Gestión y Finanzas","Contaduría pública ","5to semestre","3 a 4 materias","63","4 ","1.52","Sí, trabajo medio tiempo","Entre 25 y 30 km","40 "
"2026/06/23 6:18:40 a.m. GMT-4","Femenino","22","Colegio fiscal/público","Facultad de Ciencias Contables, Auditoría, Sistemas de Control de Gestión y Finanzas","Contaduría pública ","7mo semestre","5 a 6 materias","77","6","1,59","Sí, trabajo por cuenta propia/emprendimiento","Entre 10 y 15 km","45"
"2026/06/23 8:12:04 a.m. GMT-4","Femenino","20","Colegio fiscal/público","Facultad de Ciencias Contables, Auditoría, Sistemas de Control de Gestión y Finanzas","Contaduria publica ","5to semestre","5 a 6 materias","80","2","1.55","Sí, trabajo medio tiempo","Más de 50 km","1"
"2026/06/23 8:41:39 a.m. GMT-4","Femenino","28","Colegio fiscal/público","Facultad de Ciencias Contables, Auditoría, Sistemas de Control de Gestión y Finanzas","Contaduría Pública","10mo semestre","1 a 2 materias","98","3","1.53","Sí, trabajo tiempo completo","Entre 30 y 35 km","40"
"2026/06/23 9:25:56 a.m. GMT-4","Femenino","20","Colegio fiscal/público","Facultad de Ciencias Contables, Auditoría, Sistemas de Control de Gestión y Finanzas","Contaduría publica ","4to semestre","5 a 6 materias","78","8","1,55","Sí, trabajo medio tiempo","Entre 40 y 45 km","1 "
"2026/06/23 10:16:01 a.m. GMT-4","Masculino","28","Colegio fiscal/público","Facultad de Ciencias Contables, Auditoría, Sistemas de Control de Gestión y Finanzas","Auditoría ","9no semestre","3 a 4 materias","52","3","1,80","Sí, trabajo medio tiempo","Entre 30 y 35 km","1 "
"2026/06/23 10:45:58 a.m. GMT-4","Femenino","20","Colegio fiscal/público","Facultad de Ciencias Contables, Auditoría, Sistemas de Control de Gestión y Finanzas","CONTADURÍA PÚBLICA","3er semestre","5 a 6 materias","No se","3","1.63","Sí, trabajo medio tiempo","Entre 5 y 10 km","1"
"2026/06/23 11:38:16 a.m. GMT-4","Femenino","20","Colegio fiscal/público","Facultad de Ciencias Contables, Auditoría, Sistemas de Control de Gestión y Finanzas","Contaduría pública ","5to semestre","5 a 6 materias","66","3 ","1.58","No trabajo actualmente","Entre 15 y 20 km","45 "
"2026/06/23 12:08:35 p.m. GMT-4","Femenino","20","Colegio de convenio","Facultad de Ciencias Contables, Auditoría, Sistemas de Control de Gestión y Finanzas","Contaduría pública ","5to semestre","5 a 6 materias","87","2 ","1.62","No trabajo actualmente","Entre 15 y 20 km","70"
"2026/06/23 12:14:10 p.m. GMT-4","Femenino","20","Colegio fiscal/público","Facultad de Ciencias Contables, Auditoría, Sistemas de Control de Gestión y Finanzas","Contaduria Publica ","5to semestre","7 o más materias","86","1 ","1,53","No trabajo actualmente","Entre 10 y 15 km","40"
"2026/06/23 12:14:13 p.m. GMT-4","Femenino","22","Colegio fiscal/público","Facultad de Ciencias Contables, Auditoría, Sistemas de Control de Gestión y Finanzas","Contaduría ","5to semestre","5 a 6 materias","87","11","No sé ","Sí, trabajo tiempo completo","Entre 25 y 30 km","2"
"2026/06/23 12:15:02 p.m. GMT-4","Femenino","20","Colegio fiscal/público","Facultad de Ciencias Contables, Auditoría, Sistemas de Control de Gestión y Finanzas","Contaduría pública ","5to semestre","5 a 6 materias","86","5","1.68","No trabajo actualmente","Entre 45 y 50 km","2"
"2026/06/23 12:16:50 p.m. GMT-4","Femenino","20","Colegio de convenio","Facultad de Ciencias Contables, Auditoría, Sistemas de Control de Gestión y Finanzas","Contaduría pública ","5to semestre","5 a 6 materias","91","3 ","1.50","Sí, trabajo medio tiempo","Entre 10 y 15 km","2"
"2026/06/23 12:20:44 p.m. GMT-4","Femenino","19","Colegio de convenio","Facultad de Ciencias Exactas y Tecnología","Ingeniería de alimentos ","3er semestre","3 a 4 materias","64","2","1.59","Sí, trabajo medio tiempo","Entre 40 y 45 km","1 "
"2026/06/23 12:20:52 p.m. GMT-4","Femenino","20","Colegio de convenio","Facultad de Ciencias Contables, Auditoría, Sistemas de Control de Gestión y Finanzas","Contaduría Pública ","5to semestre","7 o más materias","89","5","1.58 metros","No trabajo actualmente","Entre 10 y 15 km","40"
"2026/06/23 12:27:24 p.m. GMT-4","Masculino","19","Colegio de convenio","Facultad Politécnica","Mecánica General","3er semestre","3 a 4 materias","53😔 ","7 ","1.71","No trabajo actualmente","Entre 5 y 10 km","30 "
"2026/06/23 12:27:37 p.m. GMT-4","Femenino","19","Colegio fiscal/público","Facultad Politécnica","Mecánica industrial ","3er semestre","5 a 6 materias","82","24","1,66","No trabajo actualmente","Entre 10 y 15 km","40"
"2026/06/23 12:28:28 p.m. GMT-4","Masculino","19","Colegio fiscal/público","Facultad Politécnica","Mecánica industrial ","2do semestre","1 a 2 materias","85","1","1,65","Sí, trabajo tiempo completo","Entre 45 y 50 km","2"
"2026/06/23 12:33:03 p.m. GMT-4","Femenino","19","Colegio fiscal/público","Facultad Politécnica","Mecánica automotriz ","3er semestre","3 a 4 materias","74","2","1.56m","Sí, trabajo medio tiempo","Entre 10 y 15 km","1"
"2026/06/23 12:39:04 p.m. GMT-4","Masculino","19","Colegio fiscal/público","Facultad Politécnica","Mecánica automotriz ","2do semestre","1 a 2 materias","69","50 ","1.78","Sí, trabajo medio tiempo","Entre 25 y 30 km","30 "
"2026/06/23 12:43:12 p.m. GMT-4","Masculino","19","Colegio fiscal/público","Facultad Politécnica","Mecánica Industrial ","3er semestre","5 a 6 materias","78","6","1.75","Sí, trabajo medio tiempo","Entre 10 y 15 km","2"
"2026/06/23 12:45:01 p.m. GMT-4","Masculino","20","Colegio fiscal/público","Facultad Politécnica","Mecánica industrial","2do semestre","1 a 2 materias","60","3","1.73","Sí, trabajo medio tiempo","Entre 30 y 35 km","2"
"2026/06/23 12:45:47 p.m. GMT-4","Masculino","19","Colegio de convenio","Facultad Politécnica","Mecánica general ","3er semestre","3 a 4 materias","53😔 ","5","1.71","No trabajo actualmente","Entre 10 y 15 km","30"
"2026/06/23 12:46:00 p.m. GMT-4","Masculino","21","Colegio fiscal/público","Facultad Politécnica","Mecánica industrial ","2do semestre","3 a 4 materias","Nose ","1 ","1.70","Sí, trabajo por cuenta propia/emprendimiento","Entre 10 y 15 km","35"
"2026/06/23 12:46:33 p.m. GMT-4","Masculino","20","Colegio fiscal/público","Facultad Politécnica","Mecánica Industrial ","3er semestre","5 a 6 materias","86","72","1.75","Sí, trabajo medio tiempo","Entre 30 y 35 km","2"
"2026/06/23 12:50:35 p.m. GMT-4","Femenino","27","Colegio de convenio","Facultad de Ciencias Contables, Auditoría, Sistemas de Control de Gestión y Finanzas","Contaduría publica ","5to semestre","5 a 6 materias","86","4","1.60","Sí, trabajo medio tiempo","Más de 50 km","90 "
"2026/06/23 12:52:33 p.m. GMT-4","Femenino","20","Colegio fiscal/público","Facultad de Ciencias Contables, Auditoría, Sistemas de Control de Gestión y Finanzas","Contaduría pública ","5to semestre","1 a 2 materias","60","5","1.60","Sí, trabajo medio tiempo","Entre 20 y 25 km","1 "
"2026/06/23 12:52:49 p.m. GMT-4","Masculino","24","Colegio fiscal/público","Facultad de Ciencias Contables, Auditoría, Sistemas de Control de Gestión y Finanzas","Contaduría ","7mo semestre","5 a 6 materias","42","2","1.66","No trabajo actualmente","Entre 2 y 5 km","1.30"
"2026/06/23 12:54:50 p.m. GMT-4","Femenino","20","Colegio fiscal/público","Facultad de Ciencias Contables, Auditoría, Sistemas de Control de Gestión y Finanzas","Auditoria","4to semestre","5 a 6 materias","87","4","1.56","Sí, trabajo medio tiempo","Más de 50 km","2"
"2026/06/23 12:54:53 p.m. GMT-4","Femenino","21","Colegio de convenio","Facultad de Ciencias Contables, Auditoría, Sistemas de Control de Gestión y Finanzas","Contaduría pública ","7mo semestre","7 o más materias","79","3","1.55","Sí, trabajo por cuenta propia/emprendimiento","Menos de 1 km","7"
"2026/06/23 12:55:31 p.m. GMT-4","Femenino","22","Colegio fiscal/público","Facultad de Ciencias Contables, Auditoría, Sistemas de Control de Gestión y Finanzas","Contaduría pública","4to semestre","1 a 2 materias","65","5","1.60","Sí, trabajo medio tiempo","Entre 10 y 15 km","1 "
"2026/06/23 12:55:41 p.m. GMT-4","Femenino","27","Colegio fiscal/público","Facultad de Ciencias Contables, Auditoría, Sistemas de Control de Gestión y Finanzas","Contaduria Publica","8vo semestre","7 o más materias","56","40","1,60","No trabajo actualmente","Más de 50 km","1.30"
"2026/06/23 12:59:21 p.m. GMT-4","Masculino","32","Colegio fiscal/público","Facultad Politécnica","Mecánica industrial ","3er semestre","1 a 2 materias","68","2","176","Sí, trabajo tiempo completo","Entre 15 y 20 km","30 "
"2026/06/23 12:59:53 p.m. GMT-4","Femenino","33","Colegio fiscal/público","Facultad de Ciencias Contables, Auditoría, Sistemas de Control de Gestión y Finanzas","Información y control de gestión ","4to semestre","1 a 2 materias","86","2","1.54","Sí, trabajo tiempo completo","Entre 25 y 30 km","2"
"2026/06/23 1:01:56 p.m. GMT-4","Femenino","23","Colegio de convenio","Facultad de Ciencias Contables, Auditoría, Sistemas de Control de Gestión y Finanzas","Contaduría Pública ","8vo semestre","7 o más materias","93","2","1.62 metros","No trabajo actualmente","Entre 5 y 10 km","45"
"2026/06/23 1:05:29 p.m. GMT-4","Masculino","22","Colegio fiscal/público","Facultad de Ciencias Contables, Auditoría, Sistemas de Control de Gestión y Finanzas","Contaduría pública ","7mo semestre","3 a 4 materias","70","2","1.80","Sí, trabajo por cuenta propia/emprendimiento","Entre 15 y 20 km","40"
"2026/06/23 1:07:08 p.m. GMT-4","Masculino","19","Colegio fiscal/público","Facultad Politécnica","Mecánica industrial ","3er semestre","5 a 6 materias","58","2","1.69","Sí, trabajo medio tiempo","Entre 10 y 15 km","2"
"2026/06/23 1:10:33 p.m. GMT-4","Femenino","23","Colegio fiscal/público","Facultad de Ciencias Contables, Auditoría, Sistemas de Control de Gestión y Finanzas","Contaduria Publica ","7mo semestre","7 o más materias","65","20","1 , 58","No trabajo actualmente","Más de 50 km","300"
"2026/06/23 1:14:53 p.m. GMT-4","Masculino","19","Colegio fiscal/público","Facultad Politécnica","Mecánica industrial ","3er semestre","5 a 6 materias","57","2","1.69","Sí, trabajo medio tiempo","Entre 10 y 15 km","2"
"2026/06/23 1:27:28 p.m. GMT-4","Masculino","20","Colegio fiscal/público","Facultad de Ciencias Económicas y Empresariales","Ing. Comercial ","7mo semestre","5 a 6 materias","89","3","1.70","Sí, trabajo medio tiempo","Entre 45 y 50 km","1"
"2026/06/23 1:28:31 p.m. GMT-4","Masculino","21","Colegio fiscal/público","Facultad de Ciencias Contables, Auditoría, Sistemas de Control de Gestión y Finanzas","Contaduría ","5to semestre","3 a 4 materias","78","2 ","1.75","No trabajo actualmente","Entre 30 y 35 km","1 "
"2026/06/23 1:42:59 p.m. GMT-4","Femenino","22","Colegio privado","Facultad de Ciencias Contables, Auditoría, Sistemas de Control de Gestión y Finanzas","Contaduría Pública","7mo semestre","5 a 6 materias","82","3","1.58","Sí, trabajo medio tiempo","Entre 20 y 25 km","40"
"2026/06/23 1:47:40 p.m. GMT-4","Femenino","20","Colegio fiscal/público","Facultad Politécnica","Mecanica de produccion","3er semestre","3 a 4 materias","57","9","54","No trabajo actualmente","Entre 25 y 30 km","20 "
"2026/06/23 1:57:32 p.m. GMT-4","Femenino","19","Colegio de convenio","Facultad de Ciencias Contables, Auditoría, Sistemas de Control de Gestión y Finanzas","Contaduría Pública ","3er semestre","7 o más materias","90","5","1.70","Sí, trabajo por cuenta propia/emprendimiento","Más de 50 km","1.30 "
"2026/06/23 2:03:08 p.m. GMT-4","Masculino","32","Colegio fiscal/público","Facultad Politécnica","Mecánica industrial ","3er semestre","1 a 2 materias","68","2","176","Sí, trabajo tiempo completo","Entre 5 y 10 km","30"
"2026/06/23 2:05:37 p.m. GMT-4","Femenino","20","Colegio de convenio","Facultad de Ciencias Contables, Auditoría, Sistemas de Control de Gestión y Finanzas","Contaduría pública ","5to semestre","5 a 6 materias","91","3","1.55","Sí, trabajo medio tiempo","Entre 15 y 20 km","2"
"2026/06/23 2:13:49 p.m. GMT-4","Masculino","27","Colegio de convenio","Facultad de Ciencias Exactas y Tecnología","Ing. En Alimentos ","10mo semestre","1 a 2 materias","78","2","1.72","Sí, trabajo medio tiempo","Entre 10 y 15 km"," 1"
"2026/06/23 2:21:02 p.m. GMT-4","Femenino","35","Colegio fiscal/público","Facultad de Ciencias Contables, Auditoría, Sistemas de Control de Gestión y Finanzas","Contaduria publics","10mo semestre","7 o más materias","78","2","1 65","Sí, trabajo tiempo completo","Entre 25 y 30 km","40"
"2026/06/23 2:30:15 p.m. GMT-4","Femenino","21","Colegio fiscal/público","Facultad de Ciencias Contables, Auditoría, Sistemas de Control de Gestión y Finanzas","Contaduría pública ","5to semestre","5 a 6 materias","80","5 ","1.64","Sí, trabajo medio tiempo","Más de 50 km","1 "
"2026/06/23 2:32:22 p.m. GMT-4","Femenino","29","Colegio fiscal/público","Facultad de Ciencias Contables, Auditoría, Sistemas de Control de Gestión y Finanzas","Contaduria pública ","7mo semestre","5 a 6 materias","55","6","1.59","Sí, trabajo medio tiempo","Entre 10 y 15 km","60"
"2026/06/23 2:48:09 p.m. GMT-4","Masculino","19","Colegio fiscal/público","Facultad Politécnica","Mecánica automotriz ","2do semestre","1 a 2 materias","69","50","1.78","Sí, trabajo medio tiempo","Entre 10 y 15 km","30 "
"2026/06/23 2:49:46 p.m. GMT-4","Masculino","19","Colegio fiscal/público","Facultad Politécnica","Mecánica automotriz ","2do semestre","1 a 2 materias","69","50","1.78","Sí, trabajo medio tiempo","Entre 10 y 15 km","30"
"2026/06/23 2:54:00 p.m. GMT-4","Femenino","19","Colegio fiscal/público","Facultad Politécnica","Mecánica industrial ","2do semestre","5 a 6 materias","60","5","1.60","Sí, trabajo medio tiempo","Más de 50 km","1 "
"2026/06/23 3:02:13 p.m. GMT-4","Masculino","22","Colegio privado","Facultad de Ciencias Contables, Auditoría, Sistemas de Control de Gestión y Finanzas","Contaduria Publica","10mo semestre","1 a 2 materias","72","1","1.78","Sí, trabajo medio tiempo","Entre 5 y 10 km","30 "
"2026/06/23 3:25:51 p.m. GMT-4","Femenino","23","Colegio fiscal/público","Facultad de Ciencias Contables, Auditoría, Sistemas de Control de Gestión y Finanzas","Contaduría ","5to semestre","3 a 4 materias","PPA 70 el semestre que paso acumule 7 puntos ","2 ","1,56","Sí, trabajo medio tiempo","Más de 50 km","2"
"2026/06/23 3:26:27 p.m. GMT-4","Femenino","18","Colegio de convenio","Facultad de Ciencias Contables, Auditoría, Sistemas de Control de Gestión y Finanzas","Contaduría pública ","1er semestre","5 a 6 materias","No tengo ","2","1, 51","Sí, trabajo por cuenta propia/emprendimiento","Más de 50 km","2 "
"2026/06/23 3:58:00 p.m. GMT-4","Masculino","23","Colegio de convenio","Facultad de Ciencias Contables, Auditoría, Sistemas de Control de Gestión y Finanzas","Contaduría Pública","9no semestre","3 a 4 materias","78","4","1.72","Sí, trabajo por cuenta propia/emprendimiento","Entre 2 y 5 km","8"
"2026/06/23 5:22:16 p.m. GMT-4","Femenino","19","Colegio fiscal/público","Facultad de Ingeniería en Ciencias de la Computación y Telecomunicaciones","Ig en sistemaa ","3er semestre","3 a 4 materias","70","4","1.60","Sí, trabajo medio tiempo","Entre 5 y 10 km","1 "
"2026/06/23 5:47:46 p.m. GMT-4","Femenino","18","Colegio fiscal/público","Facultad de Ciencias Exactas y Tecnología","Ing electromecánica ","3er semestre","5 a 6 materias","71","3","1.67","No trabajo actualmente","Menos de 1 km","15"
"2026/06/23 5:51:43 p.m. GMT-4","Masculino","28","Colegio privado","Facultad de Ciencias Exactas y Tecnología","Electrónica ","4to semestre","3 a 4 materias","60","4","1.69","Sí, trabajo por cuenta propia/emprendimiento","Entre 5 y 10 km","40 "
"2026/06/23 6:03:03 p.m. GMT-4","Binario ","56","Colegio privado","Facultad de Ciencias de la Salud Humana","Medicina ","5to semestre","1 a 2 materias","100","3 ","2.50","Sí, trabajo medio tiempo","Más de 50 km","4"
"2026/06/23 6:26:49 p.m. GMT-4","Femenino","20","Colegio fiscal/público","Facultad de Ciencias Contables, Auditoría, Sistemas de Control de Gestión y Finanzas","Contaduría pública ","5to semestre","7 o más materias","59","1","1,60","Sí, trabajo medio tiempo","Entre 25 y 30 km","2"
"2026/06/23 7:45:13 p.m. GMT-4","Femenino","21","Colegio fiscal/público","Facultad de Ciencias Contables, Auditoría, Sistemas de Control de Gestión y Finanzas","Contaduria publica ","8vo semestre","5 a 6 materias","78","2","150","Sí, trabajo por cuenta propia/emprendimiento","Entre 40 y 45 km","2"
"2026/06/23 9:41:58 p.m. GMT-4","Femenino","24","Colegio fiscal/público","Facultad de Ciencias Contables, Auditoría, Sistemas de Control de Gestión y Finanzas","Información y Control de Gestion","5to semestre","3 a 4 materias","89","20","1,68","Sí, trabajo medio tiempo","Más de 50 km","1"
"2026/06/23 9:53:21 p.m. GMT-4","Femenino","32","Colegio fiscal/público","Facultad de Ciencias Contables, Auditoría, Sistemas de Control de Gestión y Finanzas","Contaduria publica ","5to semestre","5 a 6 materias","75","5","1.58","Sí, trabajo medio tiempo","Entre 15 y 20 km","60"
"2026/06/23 10:00:27 p.m. GMT-4","Masculino","22","Colegio fiscal/público","Facultad de Ciencias Contables, Auditoría, Sistemas de Control de Gestión y Finanzas","Contaduría publica ","4to semestre","5 a 6 materias","55","3","1.81","Sí, trabajo por cuenta propia/emprendimiento","Entre 15 y 20 km","1.20"
"2026/06/23 10:11:51 p.m. GMT-4","Masculino","24","Colegio fiscal/público","Facultad de Ciencias Contables, Auditoría, Sistemas de Control de Gestión y Finanzas","Contaduría pública ","7mo semestre","5 a 6 materias","80","4","1.75","Sí, trabajo medio tiempo","Entre 10 y 15 km","45"
"2026/06/23 10:16:11 p.m. GMT-4","Masculino","21","Colegio fiscal/público","Facultad de Ciencias Contables, Auditoría, Sistemas de Control de Gestión y Finanzas","Contaduría publica ","6to semestre","3 a 4 materias","56","1","1.68","Sí, trabajo medio tiempo","Entre 2 y 5 km","1.5 "
"2026/06/23 10:33:14 p.m. GMT-4","Masculino","21","Colegio fiscal/público","Facultad de Ciencias Contables, Auditoría, Sistemas de Control de Gestión y Finanzas","Contaduría pública ","4to semestre","5 a 6 materias","87","30","1.74 cm","Sí, trabajo por cuenta propia/emprendimiento","Entre 10 y 15 km","1"
"2026/06/23 11:05:43 p.m. GMT-4","Femenino","24","Colegio fiscal/público","Facultad de Ciencias Contables, Auditoría, Sistemas de Control de Gestión y Finanzas","CONTADURIA PÚBLICA ","5to semestre","3 a 4 materias","42","5","1.59","No trabajo actualmente","Entre 40 y 45 km"," 40 "
"2026/06/24 8:04:58 a.m. GMT-4","Femenino","23","Colegio fiscal/público","Facultad de Ciencias Contables, Auditoría, Sistemas de Control de Gestión y Finanzas","Contaduría publica ","5to semestre","5 a 6 materias","74","4","1.58","No trabajo actualmente","Más de 50 km","1"
"2026/06/24 8:49:33 a.m. GMT-4","Femenino","27","Colegio de convenio","Facultad de Ciencias Contables, Auditoría, Sistemas de Control de Gestión y Finanzas","Contaduría publica ","5to semestre","5 a 6 materias","86","5","1.60","Sí, trabajo medio tiempo","Más de 50 km","1 "
"2026/06/24 9:48:02 a.m. GMT-4","Femenino","20","Colegio fiscal/público","Facultad de Ciencias Contables, Auditoría, Sistemas de Control de Gestión y Finanzas","Contaduría pública ","5to semestre","7 o más materias","81","4","1.56","Sí, trabajo por cuenta propia/emprendimiento","Menos de 1 km","1 "
"2026/06/24 10:11:46 a.m. GMT-4","Femenino","30","Colegio de convenio","Facultad de Ciencias Contables, Auditoría, Sistemas de Control de Gestión y Finanzas","CONTADURIA PUBLICA ","4to semestre","1 a 2 materias","50","9","165","Sí, trabajo tiempo completo","Más de 50 km","1 "
"2026/06/24 11:04:07 a.m. GMT-4","Femenino","20","Colegio fiscal/público","Facultad de Ciencias Contables, Auditoría, Sistemas de Control de Gestión y Finanzas","Contaduría pública ","5to semestre","7 o más materias","76","12 ","1.62","No trabajo actualmente","Entre 30 y 35 km","2 "
"2026/06/24 8:29:56 p.m. GMT-4","Femenino","19","Colegio fiscal/público","Facultad de Ciencias Contables, Auditoría, Sistemas de Control de Gestión y Finanzas","Contaduria publica","5to semestre","5 a 6 materias","😀","0","1.54","No trabajo actualmente","Entre 45 y 50 km","1 "
"2026/06/24 9:11:09 p.m. GMT-4","Masculino","23","Colegio de convenio","Facultad de Ciencias Exactas y Tecnología","Ingeniería en redes y telecomunicaciones ","2do semestre","7 o más materias","78","6","1.73","Sí, trabajo por cuenta propia/emprendimiento","Entre 5 y 10 km","1"
"2026/06/25 4:19:32 p.m. GMT-4","Femenino","20","Colegio privado","Facultad de Ciencias Económicas y Empresariales","Economía ","4to semestre","5 a 6 materias","88","2","1.61","Sí, trabajo medio tiempo","Entre 25 y 30 km","60"
"2026/06/25 11:04:01 p.m. GMT-4","Femenino","20","Colegio privado","Facultad de Ciencias Farmacéuticas y Bioquímicas","Bioquímica ","1er semestre","5 a 6 materias","No tengo idea","6","1.60","Sí, trabajo medio tiempo","Entre 15 y 20 km","1 "
"2026/06/25 11:05:28 p.m. GMT-4","Femenino","18","Colegio de convenio","Facultad de Ciencias Farmacéuticas y Bioquímicas","Bioquímica ","1er semestre","5 a 6 materias","No hay todavía ","5 ","1.70","No trabajo actualmente","Entre 2 y 5 km","1 "
"2026/06/25 11:05:46 p.m. GMT-4","Femenino","19","Colegio fiscal/público","Facultad de Ciencias Farmacéuticas y Bioquímicas","Bioquímica","1er semestre","5 a 6 materias","No se aun","1 ","1.58","No trabajo actualmente","Entre 5 y 10 km","15 "
"2026/06/25 11:05:56 p.m. GMT-4","Femenino","20","Colegio fiscal/público","Facultad de Ciencias Farmacéuticas y Bioquímicas","Farmacia ","3er semestre","3 a 4 materias","78","7","52","No trabajo actualmente","Más de 50 km","12"
"2026/06/25 11:06:48 p.m. GMT-4","Masculino","19","Colegio fiscal/público","Facultad de Ciencias Farmacéuticas y Bioquímicas","Bioq6","1er semestre","5 a 6 materias","Aún no sale","5","1.76","No trabajo actualmente","Entre 30 y 35 km","1"
"2026/06/25 11:07:40 p.m. GMT-4","Femenino","18","Colegio fiscal/público","Facultad de Ciencias Farmacéuticas y Bioquímicas","Bioquímica ","1er semestre","5 a 6 materias","No tengo todavía ya que no acabe todavía el semestre ","5","1.58","Sí, trabajo por cuenta propia/emprendimiento","Entre 40 y 45 km","2 "
"2026/06/25 11:09:05 p.m. GMT-4","Masculino","32","Colegio de convenio","Facultad de Ciencias Farmacéuticas y Bioquímicas","Bioquímica ","1er semestre","3 a 4 materias","5","2","1.70","Sí, trabajo por cuenta propia/emprendimiento","Entre 10 y 15 km","25 "
"2026/06/25 11:10:43 p.m. GMT-4","Masculino","20","Colegio fiscal/público","Facultad de Ciencias Farmacéuticas y Bioquímicas","Bioquímica ","1er semestre","3 a 4 materias","67","3","1.54","Sí, trabajo medio tiempo","Más de 50 km","1"
"2026/06/25 11:11:08 p.m. GMT-4","Femenino","24","Colegio fiscal/público","Facultad de Ciencias Farmacéuticas y Bioquímicas","Farmacia","3er semestre","5 a 6 materias","51","8","1.55","No trabajo actualmente","Entre 10 y 15 km","1 "
"2026/06/25 11:11:49 p.m. GMT-4","Femenino","18","Colegio fiscal/público","Facultad de Ciencias Farmacéuticas y Bioquímicas","Bioquímica ","1er semestre","5 a 6 materias","No lo sé, recién estoy en el primer semestre ","12 ","1.56","No trabajo actualmente","Entre 45 y 50 km","1"
"2026/06/25 11:12:33 p.m. GMT-4","Femenino","19","Colegio fiscal/público","Facultad de Ciencias Farmacéuticas y Bioquímicas","Bioquímica ","2do semestre","5 a 6 materias","60","15","1.62","No trabajo actualmente","Entre 25 y 30 km","45"
"2026/06/25 11:12:55 p.m. GMT-4","Femenino","36","Colegio de convenio","Facultad de Ciencias Farmacéuticas y Bioquímicas","Farmacia ","3er semestre","7 o más materias","89","1","1.70","No trabajo actualmente","Entre 20 y 25 km","60"
"2026/06/25 11:16:59 p.m. GMT-4","Femenino","18","Colegio fiscal/público","Facultad de Ciencias Farmacéuticas y Bioquímicas","BIOQUÍMICA ","1er semestre","5 a 6 materias","No tengo ahun","1","1.60","Sí, trabajo medio tiempo","Entre 10 y 15 km","1 "
"2026/06/25 11:20:11 p.m. GMT-4","Femenino","17","Colegio de convenio","Facultad de Ciencias Farmacéuticas y Bioquímicas","Bioquímica ","1er semestre","5 a 6 materias","No sé aun","3","1.59","No trabajo actualmente","Entre 5 y 10 km","1"
"2026/06/25 11:21:43 p.m. GMT-4","Femenino","19","Colegio de convenio","Facultad de Ciencias Farmacéuticas y Bioquímicas","Farmacia ","1er semestre","5 a 6 materias","78","6","1.52","No trabajo actualmente","Entre 10 y 15 km","10"
"2026/06/25 11:31:14 p.m. GMT-4","Femenino","20","Colegio privado","Facultad de Ciencias Farmacéuticas y Bioquímicas","bioquímica la mejor de todas y la más difícil 😝","3er semestre","3 a 4 materias","no se porque no me acuerdo ","1 ","1,61","Sí, trabajo por cuenta propia/emprendimiento","Entre 5 y 10 km","1 "
"2026/06/25 11:37:16 p.m. GMT-4","Masculino","18","Colegio fiscal/público","Facultad de Ciencias Farmacéuticas y Bioquímicas","Bioquímica ","1er semestre","5 a 6 materias","Es mi primer semestre ","2","1,64","Sí, trabajo medio tiempo","Entre 15 y 20 km","1"
"2026/06/25 11:41:43 p.m. GMT-4","Femenino","18","Colegio privado","Facultad de Ciencias Farmacéuticas y Bioquímicas","Bioquímica ","1er semestre","5 a 6 materias","60","1 ","1.62","Sí, trabajo medio tiempo","Entre 5 y 10 km","1 "
"2026/06/25 11:44:04 p.m. GMT-4","Femenino","19","Colegio fiscal/público","Facultad de Ciencias Farmacéuticas y Bioquímicas","Farmacia ","2do semestre","5 a 6 materias","No lo dire","2","1.65","No trabajo actualmente","Entre 15 y 20 km","3"
"2026/06/25 11:46:02 p.m. GMT-4","Femenino","19","Colegio fiscal/público","Facultad de Ciencias Farmacéuticas y Bioquímicas","Bioquímica ","1er semestre","5 a 6 materias","No sé, recién voy primer semestre ","1 ","1.77","Sí, trabajo medio tiempo","Entre 10 y 15 km","2"
"2026/06/25 11:55:59 p.m. GMT-4","Femenino","18","Colegio fiscal/público","Facultad de Ciencias Farmacéuticas y Bioquímicas","Bioquímica ","1er semestre","3 a 4 materias","70","4 ","1 50","No trabajo actualmente","Entre 25 y 30 km","2"
"2026/06/25 11:57:28 p.m. GMT-4","Masculino","20","Colegio privado","Facultad de Ciencias Contables, Auditoría, Sistemas de Control de Gestión y Finanzas","Contabilidad","5to semestre","3 a 4 materias","20","8","1.85","No trabajo actualmente","Entre 2 y 5 km","15"
"2026/06/26 12:23:56 a.m. GMT-4","Femenino","19","Colegio fiscal/público","Facultad de Ciencias Farmacéuticas y Bioquímicas","Bioquímica ","3er semestre","5 a 6 materias","60","6","1, 58","No trabajo actualmente","Más de 50 km","1"
"2026/06/26 6:08:32 a.m. GMT-4","Femenino","18","Colegio de convenio","Facultad de Ciencias Farmacéuticas y Bioquímicas","farmacia ","1er semestre","5 a 6 materias","Ninguno","2","1.60 m","No trabajo actualmente","Entre 20 y 25 km","40"
"2026/06/26 6:30:30 a.m. GMT-4","Femenino","18 ","Colegio fiscal/público","Facultad de Ciencias Farmacéuticas y Bioquímicas","Farmacia ","1er semestre","1 a 2 materias","Todavía no salió "," 3  ","1.61","No trabajo actualmente","Entre 5 y 10 km"," 40 "
"2026/06/26 7:25:08 a.m. GMT-4","Femenino","18","Colegio fiscal/público","Facultad de Ciencias Farmacéuticas y Bioquímicas","Bioquímica","1er semestre","5 a 6 materias","No lo sé","2 ","1.62","No trabajo actualmente","Entre 10 y 15 km","40 "
"2026/06/26 7:26:57 a.m. GMT-4","Femenino","18","Colegio fiscal/público","Facultad de Ciencias Farmacéuticas y Bioquímicas","Bioquimica ","1er semestre","5 a 6 materias","Aún n tenemos eso ","4","1.55","No trabajo actualmente","Entre 20 y 25 km","2 "
"2026/06/26 7:33:46 a.m. GMT-4","Femenino","19","Colegio fiscal/público","Facultad de Ciencias Farmacéuticas y Bioquímicas","Farmacia ","3er semestre","7 o más materias","80","1 ","1.56","No trabajo actualmente","Entre 2 y 5 km","25 "
"2026/06/26 7:42:56 a.m. GMT-4","Femenino","18","Colegio de convenio","Facultad de Ciencias Farmacéuticas y Bioquímicas","Bioquímica ","1er semestre","5 a 6 materias","Aún nose","5 ","1,61","No trabajo actualmente","Más de 50 km","40 "
"2026/06/26 7:53:49 a.m. GMT-4","Femenino","20","Colegio de convenio","Facultad de Ciencias de la Salud Humana","Bioquímica ","1er semestre","3 a 4 materias","60","2","1.67","Sí, trabajo medio tiempo","Entre 30 y 35 km","1"
"2026/06/26 8:29:05 a.m. GMT-4","Femenino","18","Colegio fiscal/público","Facultad de Ciencias Farmacéuticas y Bioquímicas","Bioquímica","1er semestre","3 a 4 materias","Nose","1","1.50","Sí, trabajo medio tiempo","Entre 45 y 50 km","1.30"
"2026/06/26 8:52:03 a.m. GMT-4","Femenino","20","Colegio de convenio","Facultad de Ciencias Farmacéuticas y Bioquímicas","Farmacia ","3er semestre","7 o más materias","56","3 ","1.68","No trabajo actualmente","Entre 40 y 45 km","1"
"2026/06/26 9:19:48 a.m. GMT-4","Femenino","19","Colegio de convenio","Facultad de Ciencias Farmacéuticas y Bioquímicas","Bioquímica ","2do semestre","3 a 4 materias","58","2","1.50 cm","Sí, trabajo medio tiempo","Entre 15 y 20 km","2"
"2026/06/26 10:43:19 a.m. GMT-4","Femenino","20","Colegio de convenio","Facultad de Ciencias Farmacéuticas y Bioquímicas","Farmacia ","4to semestre","7 o más materias","60","15","160","Sí, trabajo por cuenta propia/emprendimiento","Entre 10 y 15 km","1 "
"2026/06/26 11:28:39 a.m. GMT-4","Masculino","17","Colegio fiscal/público","Facultad de Ciencias Farmacéuticas y Bioquímicas","Bioquímica ","1er semestre","5 a 6 materias","Nose","4","1.79","Sí, trabajo medio tiempo","Entre 20 y 25 km","180"
"2026/06/26 11:29:47 a.m. GMT-4","Femenino","19","Colegio fiscal/público","Facultad de Ciencias Farmacéuticas y Bioquímicas","Farmacia ","3er semestre","7 o más materias","79","4","1.55","No trabajo actualmente","Entre 25 y 30 km","1 "
"2026/06/26 11:42:28 a.m. GMT-4","Femenino","20","Colegio fiscal/público","Facultad de Ciencias Farmacéuticas y Bioquímicas","Bioquimica ","1er semestre","5 a 6 materias","80","1 ","1.60","Sí, trabajo medio tiempo","Entre 45 y 50 km","1"
"2026/06/26 12:07:35 p.m. GMT-4","Femenino","19","Colegio fiscal/público","Facultad de Ciencias Farmacéuticas y Bioquímicas","Farmacia ","3er semestre","7 o más materias","90","4","1.55","No trabajo actualmente","Entre 40 y 45 km","2"
"2026/06/26 12:25:52 p.m. GMT-4","Masculino","20","Colegio de convenio","Facultad de Ciencias Farmacéuticas y Bioquímicas","bioquimica ","3er semestre","7 o más materias","56","4 ","1.71","Sí, trabajo medio tiempo","Entre 2 y 5 km","60"
"2026/06/26 12:49:42 p.m. GMT-4","Femenino","18","Colegio privado","Facultad de Ciencias Farmacéuticas y Bioquímicas","Bioquímica ","1er semestre","5 a 6 materias","Aun nose ","3 ","1.60","No trabajo actualmente","Entre 10 y 15 km","1 "
"2026/06/26 12:54:50 p.m. GMT-4","Femenino","21","Colegio fiscal/público","Facultad de Ciencias Farmacéuticas y Bioquímicas","Bioquímica ","4to semestre","5 a 6 materias","62","2","1.56","Sí, trabajo por cuenta propia/emprendimiento","Entre 40 y 45 km","45 "
"2026/06/26 6:30:40 p.m. GMT-4","Femenino","19","Colegio fiscal/público","Facultad de Ciencias Farmacéuticas y Bioquímicas","Farmacia ","3er semestre","7 o más materias","62","4","1.64","No trabajo actualmente","Entre 40 y 45 km","45"
"2026/06/26 6:34:35 p.m. GMT-4","Femenino","19","Colegio fiscal/público","Facultad de Ciencias Farmacéuticas y Bioquímicas","Bioquímica","2do semestre","5 a 6 materias","72","1 ","1,72","No trabajo actualmente","Entre 5 y 10 km","30 "
"2026/06/26 6:51:28 p.m. GMT-4","Femenino","18","Colegio de convenio","Facultad de Ciencias Farmacéuticas y Bioquímicas","Bioquimica ","1er semestre","1 a 2 materias","No tengo","5","1.64","No trabajo actualmente","Más de 50 km","1"
"2026/06/26 9:04:29 p.m. GMT-4","Femenino","18","Colegio fiscal/público","Facultad de Ciencias Farmacéuticas y Bioquímicas","Bioquímica ","1er semestre","5 a 6 materias","Ns","1","1.54","No trabajo actualmente","Más de 50 km","1"
"2026/06/28 11:28:30 p.m. GMT-4","Femenino","18","Colegio fiscal/público","Facultad de Ciencias Farmacéuticas y Bioquímicas","Farmacia ","1er semestre","5 a 6 materias","No tengo aún.","100","1.60","Sí, trabajo tiempo completo","Entre 45 y 50 km","1"